x0,x1,x2,y
-3.7090982432938797,0.8931058929252451,-0.07076789480888745,0.003470699547990766
-4.357951815386315,4.663740139470024,3.093163509912319,0.7617178116576484
3.0321434061052113,4.753422941444178,1.1540444416733129,0.822790915784769
-2.888089175028597,0.20855017459062797,-2.688875880734873,0.008624138958151452
1.067594228531025,4.745985436377877,0.585333082629985,0.23369235581862263
1.1199431597575717,3.5955380859020245,0.5473783723035925,0.06511927636160936
-4.681838668359803,4.860975962502833,1.8226749741534025,0.6276471431821782
3.7350221022113868,-0.8271182188145962,3.4252525924295547,0.28146608421999764
3.7232620386904323,-3.2837461313363443,-0.46718824795419067,0.99964352044888
2.48831577720948,3.6269930227059373,-4.047640819978994,0.9378341448933617
0.12126156008033906,-2.8698150861933605,-1.1294523618763108,0.26685919816156856
-0.8435933364153732,-4.310844743922162,-3.139939533821688,0.7107471271146937
-0.026628495235210714,-4.930614430587601,-2.565616233679853,0.43977046747739723
-4.484671005540401,3.095502352468788,-2.649937525911138,0.12198039801376975
0.4247195258170873,-1.8762026216698207,0.36145010249201803,0.1407281113778794
1.4201189577474587,0.7242458506466045,-0.05891175823928396,0.2227934119778242
-4.406694082142838,-4.972576928046928,-0.2672938345915119,0.16589754433337112
0.9191878305574672,-1.713227400671479,2.92051160732421,0.06616240515518765
0.07556015873277921,-3.527726321491268,-2.3602483422938136,0.8513191664827953
-2.8773392126312665,4.186307599838772,-3.5429090830959105,0.1440624607252649
0.44377333911893757,1.7944579469910753,-0.7192269408209704,0.06271729578502662
-0.22843229429313094,-0.46796037593645234,-0.4431056757307923,0.003510846717463522
4.7740900671768145,-0.5828477367548217,-2.1263997976258886,0.7684984273284917
1.5688623617523927,1.4581952778241822,-1.2102995026385077,0.22500009856948788
-1.3220100890935478,-4.803985975340467,1.8091810457521342,0.17451308381418698
-3.199097981747326,-3.7612015945594583,4.760038132246432,0.6084341124081913
0.28178460499389324,-0.9909903738027417,4.8805522137304695,0.13743434948321562
-0.9528915381539562,-2.7483037046381367,1.643379243460493,0.12863881490015497
-4.265881710816593,0.6909892022707051,3.1521391387691313,0.2352537165764282
3.7753155248240127,-3.239540290376223,0.7783112451709222,0.985635254177686
0.3697515119704704,3.0489211238934413,-4.519307997470356,0.4827663207070296
1.709718918683203,4.581303997227607,-2.2273108350410253,0.4402784462091956
1.5527126356596437,4.013400116612761,4.642747665513568,0.12516594814492887
1.193946177116957,-1.1852720025077406,-1.8080822282830518,0.2573091696619517
1.4722754882489264,1.1142508475054225,-0.21058062232805952,0.1444947584094599
0.4124583129636674,-0.18973205450073305,-0.25231533015359986,0.0048661518012127454
1.5154444806284841,1.2236153643760082,-3.6036111430281372,0.41067133895561586
4.709575617462066,2.341157663583603,-0.9744116430669827,0.6970001938024528
-2.4068657245433474,1.985363126790861,-3.6740076264036614,0.18693291717009342
1.587097971540472,-0.6244179528518092,2.8977213110949505,0.09728056090510279
-3.0713423210552797,-4.324936823285069,0.9980143487172537,0.3293902886704
0.30183101313127736,-3.938371295046939,2.883165023717627,0.2714042088294636
-1.5287110138542666,2.857843156992635,-2.758937654814578,0.10496002806770385
-4.164929196034741,3.428646459137344,0.2371224911075771,0.1774096346006549
1.5352443651160073,3.9577276200695266,4.150317256506002,0.14014446909135103
-1.7086057357134532,0.9530284138548764,4.8366257709948215,0.08851454248510349
1.8858913716200014,1.5973189180341665,3.565332871963715,0.27403568093497105
3.1448477478297203,0.4783483992350144,-2.5342559967647142,0.6467930933400727
-4.868832156593719,2.619856079947425,3.617500969003016,0.47260272048866125
-1.4157693178408275,-0.9707828810233785,0.37389701098209294,0.001280717584250425
1.3852445101259914,-4.5280766514697115,-0.9153148543054961,0.5757530891067606
1.5058206851258067,-2.6259337921738393,1.741165011373461,0.2765442474468413
-2.177888472279398,-1.6547291247483873,4.74057345157634,0.14685446850660056
3.1908295625376653,4.480779067495003,1.300966405887987,0.9601042082843769
0.3926441623739283,-0.7393800854836643,1.7879825711334876,0.0017049618766709642
2.0127602119291996,3.3797466365299993,2.4519496742814155,0.09235614917955397
4.335080061391077,-1.9917834518470916,0.927482659410833,0.9549950255854044
4.731597274069124,0.3368279147950606,0.8158290611639885,0.4059070665174193
1.1238478263724527,-2.650339220825349,-4.406025912807532,0.9600299540450574
-0.642563503596473,-3.6152240284444472,-3.862003374598859,0.5494788931425576
-0.17491374047599084,-0.10428409219440837,4.077777689934084,0.13637579131851532
2.2592025957599757,0.3724409632690868,2.4779829752234983,0.1975525280978112
-0.9301678840180561,2.7533443001204763,-4.099671114069201,0.2564426562863344
-0.14564227931928997,1.9096911287763891,-2.3836354401913495,0.28062833273850646
-4.570894008949963,-2.884362878429903,-4.858542657091297,0.21996154126071593
4.5390074850312985,4.938218339558624,-3.3073402035914645,0.983409888092508
2.4344261680795807,-2.998126286629442,3.165749089567367,0.4160537159102594
-1.1980046801458273,-2.5104778079453753,-1.1472495284929831,0.1580100919617183
-3.3078884995307036,4.115014243642301,-4.625695470614625,0.1484267719651744
-2.740967032684733,-3.063904966933223,3.713146158093558,0.22532204885716922
-3.8559947118609745,-1.7675296817547723,1.331742602946112,0.08143548888705016
2.281478075929008,3.188325456900543,-0.8273372606964546,0.20835907335274328
-4.338820052398985,0.31278926072822166,-4.746962226168944,0.07637263520162957
3.60358704321094,-2.445659881800189,-2.4219631226911082,0.7842307597714451
0.6170498234897703,-1.0438427019563727,-1.7395383385961867,0.2589766594349863
-3.2680124078114847,-0.2730647508888637,-4.688727164404703,0.22253254951304535
-0.8688966671509766,-2.5931428841427793,4.391163159152734,0.22171787626320283
0.19526272444431836,4.0029022109980055,-4.414419029507688,0.38024684409786647
-4.179611654694862,2.2192366437026596,3.179855169041712,0.4280550884115886
2.9364919711368387,1.2525572729589243,-3.2345974499461443,0.678639239861914
2.5877459772155422,-3.48464081720158,-1.858528110344566,0.9341346741059656
4.041524741495341,-3.1930992654197294,-1.4629939375880845,0.9988151252226528
-1.6232581383283415,2.778338681233321,0.4627297574552367,0.0042794655347971515
4.302052774087246,2.982249365372751,2.1257599052426377,0.9736163701578893
-2.595668525650179,2.1281599524176045,4.796511118302881,0.13620583375935688
-2.216810123076509,2.7945200954758267,4.057092123812666,0.14189636734932112
1.3704269506124858,-2.962455434017845,-4.294575885804848,0.9862493332961492
-0.7012541143805251,-4.19499977325353,-3.3350863289136528,0.5463973324815263
-4.782743513764698,3.40638911904459,-2.352046017623506,0.1399261745735818
4.43507807580788,-4.055747126141899,-1.6650965460108225,0.9870374000146338
0.14823183030421383,2.3991762428084185,-4.502332301542623,0.35942637432157354
3.8800471641042797,-3.66663850648993,-2.612831616912234,0.9997862234230167
3.1492944871982687,1.6743492244705571,-2.2073870950873586,0.37987377882170226
-4.378678032959635,-4.73228767633372,-3.8454934028360603,0.16961249538996725
2.42480002812525,-1.477648625443992,-2.8620905855776035,0.9936121282148799
0.6511124358051728,-4.351038961740575,4.532729538828891,0.958465570064241
1.166507595783898,-3.0350570846176597,4.101206827299018,0.566169841171023
3.2583073023553624,-4.760981556505022,-1.5322221384133456,0.982688421824931
3.5574647892889786,-1.9422650450438188,4.61839176080462,0.6430807773201156
1.0416531430595093,0.10208961441150688,0.8033254185425251,0.0011208449704473316
-1.103023772731821,3.722641543068354,-2.8089667995626004,0.16690295879584766
0.49096574886953714,-1.1470038251283343,-4.018663093150895,0.8252839270875556
1.0094034900430326,1.6523570668531296,-1.545992485262281,0.23661388675916892
0.04960586386088117,1.8601191955984984,-2.5182917672250595,0.16244156638986132
2.7944058495114943,4.538589784608634,-4.18172506260203,0.9990751639566919
-2.539262000010103,2.6478362154961683,4.899646589080733,0.14044125222867185
-3.384645485814872,-1.4852570357012853,4.288976552376862,0.37728979748963565
-3.7989829090672247,-0.25576906991483295,1.2747839483415593,0.0010288663603144148
-0.252647012308997,-4.597868183287872,-2.0691630426845187,0.5164432459902274
3.3593996252804335,-2.2645047766889146,-2.060893135643239,0.7235262529445325
-3.2192790912276896,-4.407735735885422,4.825485741107315,0.9974075001534901
2.094822107158291,2.353219220286695,-4.699501588924763,0.9950818209329959
2.164279570268172,-2.4582719803272464,-1.088654990662214,0.9976243637383895
4.736184864162494,4.513606728494386,-2.9122654617539654,0.9496908888664755
-1.8129233992001743,2.4240707646359603,-4.914316483521505,0.2513414360639798
2.328389109052403,0.1635808057131527,-3.1978998287000446,0.8711036615763688
-1.65800304306695,2.828584442696558,4.447477223586816,0.0859276656418014
-4.992497025334686,-4.487379887304583,0.3414435380691092,0.3634345284498375
3.4757800451611782,-4.201644125984081,3.2054423430180545,0.9517134307096795
4.914952636063992,-2.7004038922789073,-0.1557941065859536,0.9993303074695189
3.7698227922586884,-3.048636446117923,-0.3050854755758712,0.9723801879549427
-4.387127177408335,-1.4249496227543257,3.2370200541967957,0.3047714167786354
1.0305237270092613,-4.183642703365111,2.4356473855711336,0.9844466175660344
-2.078614308021119,2.9462109102779834,2.828664592365233,0.03470684406051776
1.2181728370377423,-3.9136235811330122,-0.42273779037220915,0.41280968915960925
-2.35202328582952,4.728855618336802,-2.4097799808457543,0.19965100953991133
-3.145188379501895,-4.740523235623132,4.660666760159511,0.9606139182808799
1.9117128710461078,1.0056849346296772,-3.6571555738454116,0.8486116370960923
4.375029715957652,2.8879338016174882,-0.09877122525986337,0.6320748664181484
-0.6833222049235301,1.0904159958667305,-2.8682300481772964,0.19908599546043215
0.9606824308097064,0.1386034681652788,2.870437623669483,0.13292846060853197
1.6048118085971428,4.202117887432809,1.98757416030681,0.18962268945180383
-2.621770732817505,-2.2532734539330446,2.0730777723279603,0.07569505841232686
4.8268530926522715,-3.16419944003905,-0.7627836407026178,0.979042707711803
3.5802660495314793,-4.111807052544407,-2.271799113421633,0.9595113272226024
-2.825904568397749,1.7676844851091298,0.5913948452263051,0.0062041138080874865
0.6781145850669521,-0.43317193374921636,2.5617271394959387,0.12907760804139956
-0.8961469645515416,-3.8362900415233057,1.1735840443533272,0.13472966193420055
-0.19496865400104113,3.0179866931284707,4.5547973912284405,0.07361564776264673
1.8262608684737893,-4.862797240548492,2.286141510323917,0.5899733562370175
-2.3053262288959626,-0.023919271296486855,1.9815701736181657,0.00013922581477389433
-0.4387426856277923,0.6418762898574428,0.714443942769786,8.330123543648423e-05
-0.546666595276827,1.905317781549397,-1.0405401673848518,0.0012479448179908822
-3.0125504389345257,-1.9807976962788185,2.969062257129183,0.03673128749730054
4.923179191780047,3.9637088449469324,-3.1815065450221143,0.9437299467886038
-4.038886830997564,-3.2599732288446677,4.366920835561485,0.9999772488097013
3.686193394136353,-3.0213721398986015,-0.6535485924105657,0.9515296310036511
2.8262213268347782,3.5554092079770996,4.731994438078097,0.5168023028892663
-1.9169491188384997,3.286186490900864,1.2358987018713998,0.0011610756298202907
3.286113113485804,-4.158334587919411,-1.2383890928357544,0.9996092883573447
-2.2716498298580783,3.903403964706051,2.340869953138883,0.17150776167419282
0.9267462455110724,-1.3167693755462966,-4.0914428939152,0.9999127217705766
-0.8128338584315484,-3.221783585494929,1.768733853745391,0.12842503492281254
-0.25506812576093374,3.110749046720029,-3.2809662055144804,0.2683592666328654
-2.9963880089561314,2.30569535047772,3.750861943750806,0.1952846145401277
0.17099582067151964,0.6961048741655791,-4.160728316596014,0.3476573289139874
0.019070805970927474,0.6058139904321447,2.323081788033451,0.001637772765237715
-3.739004366829919,2.4023149240267205,0.2114696339431461,0.015326676488529003
3.5617481090927186,-0.21508765041499167,-2.8532202515861993,0.6536406977075323
-1.5950055526699285,4.953979448360016,3.487772203012508,0.29685389574575716
4.6352948820698,-2.8585149427795056,-2.3322261368259523,0.8393268204130463
-2.4958749809970437,-0.40583501176780956,2.7311836289784424,0.00040246736373325033
2.0640698272778035,0.07469036738927137,-2.0443869485936625,0.34850867047905754
-3.5250152648641953,3.882026465477516,2.1968620975041544,0.3034952933598546
0.31808101905472874,-4.779664755928271,-0.9905913498030481,0.3390395511207208
1.3324550937414408,0.7521352982151903,-0.8679138306310499,0.14800174528328214
-3.2596958298349,-1.5922199152273002,-3.2479398799463524,0.1661274219949404
4.519263260584248,-1.5474165465168257,4.59662190438873,0.5213634432494167
-2.91291990158272,-0.5040175058920262,2.7921302632432674,0.000551213224468019
-2.6123959659850278,3.66627631586476,-0.008468156908275404,0.1557479411469883
-1.1109559805063194,-0.07292700769980431,-1.796951541337633,0.17237761549243188
-2.846445332110961,-1.1383230464008771,-4.8351459765870715,0.29165111246786546
3.209485131915873,1.300348971426093,0.1986352299596641,0.4480390950376959
0.47855816364157455,2.0539785521028318,3.297611242293442,0.07050520890009201
4.878304085551253,3.626320100782367,2.844725746192861,0.9927061765052386
4.351436068906525,-0.28652423476275324,-0.5344514873634161,0.9999913015589325
0.8999243049103409,-4.642254078405546,2.294445674839909,0.971585713378425
-1.5081206441518007,3.78186677949658,2.493144573867375,0.00576974958779303
-0.44618972748031105,-4.0674407724127555,1.6761169061634265,0.1316743644937338
-0.07790957637785301,-1.1661875585316088,3.9862054715143707,0.229662794731755
-1.1727766069704995,3.482131751818013,-3.552658527478406,0.12820369201155624
4.693287035663392,-1.6678778945811694,0.3163453357630761,0.603248016044063
3.964785532838377,3.222066230066442,2.9409293645421988,0.725911799165985
-4.6705912433698,3.350615540178273,-1.6912447193910478,0.11819506519535691
-3.971807698112543,-3.6318887175378975,-3.5896028581646853,0.12930361023655718
-0.8801051490591831,3.204800487200526,-1.008757972617229,0.0030303602915212305
0.7681832025825059,-4.600710372897925,-2.576956289219773,0.8766410067726952
-2.583758855893599,-4.821123787860003,-4.585965703947522,0.6994877875162775
1.3879239510023513,-3.4028517927888284,3.7710425707958493,0.5707870580170693
-2.9043172388603367,1.4229539392187176,-4.9039028267752345,0.3490401991636781
-0.4991636099188588,-2.350184807649774,-3.464820399436541,0.4249375609276695
-3.9515727690986364,-4.2469867014574305,-0.49209525880015104,0.12412551515688192
-1.0192759298796523,4.653181917103598,4.463739101796907,0.09668649357240525
-2.338848041225503,-2.4345870211763323,1.3620877856825233,0.08643355926334194
0.11970099294767778,0.3030919495280475,0.566160725131204,0.05973682924609594
1.0960616368335323,-0.08933473988571006,-4.253616546251641,0.9866790480805605
-2.562479620426283,-0.043653903106045,3.352008185755821,0.012907408168371867
-1.8911585420894284,3.073209553210418,2.523837145035487,0.13562851887524577
4.218893257337925,-2.7954585437824213,-2.4425199020508526,0.9931868274770838
0.20750213317714916,-3.338460957111141,-1.2238554679767493,0.26550914953486193
0.7113699010658916,-0.8081134487762744,1.3339525931300287,0.007459012089592232
-2.37318886336771,0.554664119021762,-4.121441021732236,0.2107352356858443
3.520168100883849,-2.3009600160452344,0.4023504786987129,0.7180831014849313
-0.7960743692401309,-2.378120728513138,2.974914758632284,0.09080469091951049
-2.800164905897465,-1.5000806151745918,-0.23355680958704905,0.004281940958776592
-4.367844944125029,-1.4298257739354718,-0.25742233301085093,0.08294881361604399
1.6419542289774363,2.0942302367735133,1.3820670192156808,0.0067771481285799785
4.230629855963624,2.7662296009436558,-3.6867338410160935,0.9997419636892552
-1.297255276305254,-2.4928774734188575,2.3707759934967125,0.11851444051690063
0.42943977148966184,-1.1179111276400628,1.757423013045834,0.2168156639145115
0.6073455611799741,-1.755996426775761,-0.6378171100772736,0.2307778965296426
-3.757205565774776,2.0707828750412425,-3.032446685116944,0.14543101422103594
-4.244144071683915,4.915118211785186,4.304933057017987,0.6515076906994144
1.4554022497097163,2.911989754796328,1.0195482801170925,0.1027161980365753
-1.0003230329310875,3.4254236429055354,3.7064005650984626,0.07550964001157753
-3.098770552625061,3.0592238668964313,-2.2506433797286873,0.08151137843885492
0.8198752087088748,-1.915054096715914,1.6010353049433252,0.14029288850580154
0.3778253999322736,-4.1391872831863,-0.0408406538412498,0.2878204898620654
-4.643214892422487,1.8900793737386712,-4.782761865735998,0.1341240016299273
-2.5122244340200552,-1.8591919138570203,1.506360714500782,0.11012076983738697
3.931026832279281,-4.955238279163767,-3.005588844292731,0.9822124469600876
1.853918452735872,-0.8468343462396524,-2.5292550724484038,0.329062309337554
-2.399498153679858,3.086565382479767,-2.4928748000884533,0.026235538315099213
-4.659172571925387,-2.520813242048302,2.8645056312809816,0.3374551146413182
4.058207162585392,3.8243096753445673,-3.483794624396382,0.9297266505972831
3.857098709141127,2.1425014550677197,3.003985891629897,0.9288119321841009
1.9455969399520185,2.89853956931454,-0.49510607694926456,0.22871399068415416
1.575098169561306,-4.6223028796059875,-4.652476045581979,0.998001622759737
-0.9436679677012689,4.1486897855490135,0.6201878313995639,0.14326589987552849
1.9985316545863983,4.124263662376302,2.1085855179802406,0.32350614873875405
-0.6766005778842219,-4.545541497554746,4.478132327201834,0.44355475332822414
2.348385741869212,1.812026964414871,-4.242795259051722,0.9913415830833564
3.54644414159697,-1.7832774266562534,-0.35174121881798115,0.49568803985362797
-3.3064489778021975,-0.35929234881731187,2.2656019939497742,0.15077055901887157
2.0806749960780113,4.385854558787855,4.1678108395621205,0.3470969846761921
-2.866604575047015,2.9682218039739716,-4.062974925314047,0.25755190487321816
0.7957313337766072,-2.2057838796841054,-3.1299900702289536,0.9444726029118167
-4.210669305725606,4.0699457454080985,-0.7535986110711823,0.2463865137231091
-3.2888600896606506,-3.385348178714949,4.481414579540095,0.6270284625853082
-0.7705728777424392,-3.8203466166745006,0.7294641927257057,0.25931039639825365
3.915270317446808,-1.0900831805612805,2.175223705798248,0.3101556039273947
-3.7833560820443646,-2.103457368398251,4.121512557217713,0.3566673681952951
-4.07529392551206,-1.9263356886525247,1.9192836620905869,0.2853140067279934
-3.3299369090760855,-4.5759033924466985,-1.7577707603989579,0.09398153424302405
-1.5343726118396872,-0.7546522817412962,2.018921928390652,0.053083765537000005
-1.8796281910358426,2.2028541811286564,3.384334985684699,0.05833947570277774
4.179671817539608,-0.2937346766277411,-3.765141309909112,0.7529696181839021
2.13641660350799,1.0543765340673303,-4.542969551595779,0.9902023194608685
-1.4887640297558957,2.6651313284589753,-2.8346566056476457,0.17817904247292404
4.012266440645767,2.366435384494218,-4.391730889044694,0.9920136592752166
-4.983456211906236,0.8376586684502936,2.4232878729794436,0.32884583159806746
1.8515096455202587,-3.1056368685572333,-2.307618933017416,0.9972261157827629
2.243892448369156,-4.693107076665096,0.35328712397563855,0.5502946332805261
4.201625896626457,-4.0999147634138255,-2.118976627308549,0.9999683825224834
3.3059351356266546,-0.5548194380831326,-0.4133244920521433,0.18192699146421687
3.7014829442930033,1.364599325645857,4.925387747876487,0.3310020790448649
3.073529965096464,0.1750057357250565,-2.6623649327982197,0.5956680918564452
-1.8588011122795884,3.576407909690369,-1.670353918589246,0.004497770994354963
4.276019099618468,-2.3901573431758205,-2.5996316466958835,0.9833302885241297
0.637143208241504,-2.1612647183362994,-4.550374222703243,0.9993257964843368
3.219728058438905,-3.41955006055237,3.1342971555524333,0.9951667410644698
4.771120530736775,-0.6551952431294339,2.2362887256218844,0.9958063451773954
4.467816015246875,-1.805216287583681,-3.3868378207263214,0.9113186440363125
-3.610281787285093,4.163506547872286,-2.436919743978812,0.2298041397188404
1.954544240641284,0.0882308933450604,-3.7086713830087223,0.85508363182226
-2.981111754347366,0.05804919597231617,-3.916832074174632,0.16363856727756604
2.872430694668294,2.462712840689144,-3.969410811746208,0.9856339697352242
-0.4645613876005559,-0.9347057131070473,-0.388945358522057,0.004546178726070106
-2.0411633829531075,-0.15711354480119333,4.238684256566771,0.07819529491438613
3.5068912534387167,4.930336806442552,1.7784414838338947,0.9151955104448578
-3.917296657888064,0.1091789397982943,2.772714765530977,0.3353866513534858
0.10355171527182261,1.6841883897568088,3.518289711161888,0.1445749806680987
-1.5049316407196045,4.778904923698816,1.951576306133581,0.14804968261629808
-2.629307374101265,1.3229504201427043,-4.207080286558309,0.18064091790730874
-1.558382495137915,-1.402254008994635,-0.670931825924578,0.008707859746860579
-3.6729278518740287,-4.421781930715511,-3.817686980456398,0.06291125027041655
-3.9904719198893805,-2.6088184829150354,3.8696911457641185,0.44517699784422615
1.146571672105992,-4.294536085707001,-0.694376484761162,0.42052135726802187
-1.2518190094840502,1.7794477442780385,-2.621636922844794,0.09922175391500299
-1.0732083109378348,0.35674480475165105,-1.195264120689807,0.0741121406808431
4.089163254692897,-3.074673808456439,-4.629308191578032,0.996301096907974
4.583788735254844,-0.18400992994046117,-4.33036600887745,0.7726469562264581
2.411700097857377,0.15524198711984916,3.499249752095766,0.1911600138669159
-4.820566716442655,-4.089077670916747,-0.8062674458046795,0.09578842942429744
3.6243980397596864,2.5365940565612553,0.13362430534151493,0.5516254593455054
1.832560605590567,2.520306922741171,-1.4232487132418434,0.18925880869512446
-3.626701622306697,-1.3752010302960045,-0.026104835548003358,0.059495413917045936
-1.466166758420747,0.930495638586545,-0.2930875290585382,0.0007781750057064607
-3.4013424035658097,2.2451380053821186,1.05157607124967,0.12372654714182246
-1.6064332114125062,4.673804771314675,-0.6489682119524618,0.06574516776367752
-2.111491348529047,-3.7518863065093893,0.798547801638251,0.14659135308294313
1.489551347780484,-0.9117089994630376,1.8923505783579087,0.22771692393944729
-4.62582586548143,-1.6096509166414603,-3.2545513796667875,0.11520670198433147
-0.35524400208887386,2.4372523830336483,2.6467763882024498,0.0710444269848381
-0.6098176103620698,4.873591388304174,-4.358665491871479,0.3092849830770574
3.252306660722846,2.0349124820018814,3.997689454756511,0.9985892750195637
4.650302779297345,2.048483480309228,1.8400788172938674,0.962062885011729
-1.7418669118892307,-1.2366556701320182,-3.2987557300218957,0.3939378891343554
2.956846255120813,3.524628545638297,-3.650860381035876,0.6375331713836573
4.897408108701125,-1.455463710962539,2.916779567312905,0.9158237675544898
-0.4727201483303096,-3.7194091205606474,1.4337416873356421,0.4049337713403173
1.4019553104522808,1.069068920830457,-2.820979542074166,0.34618132394868073
2.2022830411718424,0.1963536767690277,-0.3429856733803742,0.19790560350687283
-1.4463022615522387,-1.250343289582207,1.9426827567231175,0.0988751371409927
4.7591885695252,-1.0534482178640552,-0.5284013014822788,0.975191765025394
2.831003611955907,4.242357734295121,3.7745851062355626,0.22532628207618322
3.418309548103112,0.9803675329985637,4.2766824968140345,0.4007185584778201
-4.735131236577296,3.4741619358547293,2.1727785948002376,0.4536828895606243
3.0191730823986216,-2.9404775988275107,-0.9280013521709192,0.9973564362682893
0.35434810327921085,-2.128631963199645,1.4754198944509191,0.12371396676038796
-4.452067315134105,-1.7014255024256544,-2.175281771975839,0.1351394454615696
4.493003135057597,2.8751832780389215,-4.113565412378525,0.9999990563908786
1.9628470173115167,-3.9613982292517957,2.10367768331007,0.5207268059570647
3.956794860701912,-4.467132901223362,-1.3945212494802766,0.9025620791250983
4.017870172101784,-4.008626940327893,-0.5610641851503884,0.9282759198907699
0.8327301175316251,-3.0852495744884267,3.4394174600015965,0.21369411250185155
0.2785813021319985,-4.7170040491655865,0.17140096146408368,0.3021617947600945
-4.147952985236466,3.136435695364675,-1.1814064057725222,0.2931410816352089
1.6205965977997492,-4.937289747171606,-3.08955574236835,0.953495040064588
-0.12091679552615453,-0.8199227699684233,-0.8942875492109765,0.21997944473668574
1.769333243616698,2.2633959352280177,0.7399555421950845,0.14588339735956057
2.571129393889521,1.8284019619775531,-3.702889261198594,0.9911317627126907
0.5796033817757156,-4.91674093407908,-3.3507543695930253,0.7001166305551809
-2.463236552819713,-4.876601189681814,-2.6368560140052195,0.1703723218065416
-1.8187367338847826,-4.899558940467505,3.273650078404234,0.4455905335839412
4.1412741550087855,-2.1098879753374473,-1.583984781514773,0.9308369238907708
-3.080459815322132,-3.924232134036669,-1.0780785499968997,0.08546453771753759
-0.5169187572958132,4.14337474712924,1.8786372760642358,0.09003945215068979
-1.3736808042386572,0.49186689266377126,2.635175360606433,0.05820800682411272
2.386719185982243,2.3201859043491444,-3.164648907738793,0.4074702112534079
2.7690847094371875,4.704179301221,0.12770916180844605,0.6495585896673282
2.119849745968015,3.929226575374054,-1.979295681606894,0.43759785597947864
-2.9210289720970057,-1.5396818934367613,-1.4758800166644708,0.0019434163837494603
1.6721976446620204,1.0383677919169552,-2.020854575167405,0.22648049755302635
1.3350026379486257,4.599199895915351,1.4055605630971266,0.22629852843959042
-1.2066902798432642,4.522870543039392,3.0325295921146687,0.22388344426865558
3.787549436157864,-4.671514446849223,-2.088230556106832,0.9942135008540938
3.09803655191007,-1.5825308197197034,0.41412132274895175,0.39593259945996323
2.657439555924082,1.956151331583671,4.857829415604902,0.28163082721373767
-4.006219440868129,3.9177265043669145,1.1271038150228652,0.18134891698930256
-4.236703980698521,3.237166915077106,2.2492648739913026,0.26459325534845946
-0.0371862864376018,-4.56297121735937,-4.077722296373114,0.8622319800114457
-3.4650974975932867,0.9956752695365321,-0.46083376348052685,0.007334690399321473
-3.835103826375555,3.3119175833337735,0.10841191326190636,0.025885942235065375
-4.9681386658512885,-2.1425824420531523,-3.532961157464016,0.11032879977952853
-1.3481197179974123,4.887589055292098,-1.9713904585580568,0.09396022714404277
0.038390519646797294,-4.837110690241142,-1.0350470204529714,0.41590571259300246
-1.7825450773183498,-4.659842868739185,-0.3278390310194572,0.21156964419446955
-3.7020460657539043,-3.956343975416229,2.1564628958397787,0.33113904629193014
1.8051122543290425,3.37154760307574,1.6629672334124699,0.027880134465413566
-3.111470155290812,4.286004720825623,3.7343739154184785,0.3850970599644376
-0.6548725899571188,3.798850092055355,3.7277258069012618,0.0383865036776172
-4.532459185033349,3.536118451331241,1.356240543044569,0.30504140733591295
-1.1315238753897923,-0.600642321141887,3.0604104450976433,0.0019273907986003835
3.126263314569437,-2.6286618314663452,-4.268482626385458,0.9766262628297483
3.9745306646199765,1.2928614645052718,4.809485779028327,0.4932489041994325
-2.20862787291001,0.788454329972998,2.087136199149155,0.10586565225660038
-4.6281385605644765,1.8751418156524489,2.3105650946015253,0.3483601041146249
0.5911512754602866,-1.2647558901351763,-4.188871406324792,0.9654064641435158
4.706394965434038,4.809938229938764,-4.487736154216859,0.9336229477425723
1.0587025330906839,-1.2139940015504873,2.3959283295342635,0.1677063148124126
-1.6996792502641505,-0.6748561010663332,-0.5151177831337641,0.010664192200196626
4.408326312978955,4.419621625876326,1.5574634115344974,0.9893362850548625
1.3001853257716336,-4.998729829784581,-0.683950398188685,0.44248438339324336
-1.0466860068037254,-1.12179687135118,-2.151747853535702,0.22371144517980207
-4.9516791746515745,-3.812765836479434,4.416647262772258,0.9477069542260955
-2.7192854654326544,4.410697392326444,-1.8379365653820203,0.15779608323980324
3.39835012842682,-0.6443067654037717,2.3819773622496427,0.9006015763518104
-0.96842738697665,-3.1450839932447927,2.353360696393586,0.132974591572122
-2.190026834237076,-0.7612421443559985,-1.9950456078265595,0.032688285415337706
4.0770159992864325,-3.8703247209988283,-4.376604618927297,0.9911931645713585
-2.4930525906411316,4.973612351092319,-3.74682235580897,0.14070501168317584
2.8440776106854493,2.929722753437529,-2.1603655918133704,0.3512969010985402
-2.769791369113302,3.93915757888405,1.5449843847160523,0.006477989337079264
-0.33732383234287244,2.5072914384666376,-3.2707646468103952,0.17741369592497153
-1.6457559766023118,-3.1598119519514967,1.447966729547261,0.08976323516534598
-1.4302564539691804,3.3956530602416954,0.053232693012952303,0.004792992274259924
-3.9232552507912484,4.225466328143051,-3.88347923904106,0.08531693678255725
1.8678601700023467,1.0201389375275642,-0.5575681899346909,0.07360250863052721
-1.0607145747799516,-2.36591001767871,-0.7380765271813647,0.16888491361000924
4.244001666350618,3.168260617357486,-3.3780634296580434,0.8514662482664259
2.148861476920553,-4.458494436684966,-4.811447093614138,0.9992935175690928
0.26103927532643123,0.7422660626271913,0.8916185051841001,0.000608264064126617
4.3271133897676926,-3.777491779684567,0.9145076628489228,0.9987828038245038
-1.8364063241682653,2.574460224554562,0.22367146637176383,0.15979022500946533
-1.7219267418759223,2.6829682519566926,-1.7213641998925304,0.09292543173375181
3.8023777933938963,-3.347214842577968,-1.5557629565368898,0.9830529443779058
3.849133261663942,-1.889807639541878,-1.498666715495736,0.9151311562799216
-1.3720816161524367,3.241047234878579,-0.3725089063563347,0.010321068394184868
3.6469704684639,1.611745512023477,3.828707676321887,0.9976340011190622
-0.5276756338840443,-1.0996444300172428,1.4567307800713518,0.0103016001361129
0.4959481819673801,1.625818037052829,4.955570159060041,0.05381103400854226
2.634376828955941,-2.66866368476074,4.0309437558157715,0.7005520105456051
0.06255524158313097,-4.050431567517175,-2.9912278551637126,0.7375691337301802
-4.757430237967394,3.1765283674241616,-3.025016853377398,0.12689905080176633
-0.10640512688270753,1.581056751598168,4.114797680051538,0.09132067780138642
3.116125571386492,-0.6950000040898701,-2.7940014155023585,0.7535770032355342
-3.389539070979045,-3.6400715665808194,0.8736147532765335,0.1184620104341163
-1.1775167382664113,4.365107091788836,-3.4984706075103844,0.11488718123594158
-3.560182404276155,0.8149949640119978,-4.868623623158258,0.4639793064528849
4.4445122371113115,4.341540366157632,-2.502537062276173,0.9929003663515041
-2.722705129224949,-1.2129901076303278,4.698069427576625,0.14815589536908214
3.9060716630916588,-2.9061496945225556,1.9319048177524403,0.859931890856821
-2.3245947447053306,-1.292697941564731,3.533212135731352,0.007237111858697631
4.9511210768105,-0.16703670559706296,4.5655130916050535,0.9999487613055481
-4.576559735260313,3.34597864362261,-0.4296854492918829,0.18802111129703125
-2.160802743173371,2.7412941089965512,-4.708772401471918,0.41574447314284957
2.755920494548933,2.587983735700438,0.5366956999452892,0.4018243319284873
1.2847949596494654,-3.2964526297594685,2.209643853886049,0.351234968355117
-3.616875711092349,4.23971550237802,3.2906371630877143,0.3361009454483207
-2.5216563886654884,-0.6830768799375919,-1.117857331647945,0.028490576397801042
-0.36582779963639833,-1.5272562382452342,-1.3703914300453102,0.08289051591920374
-1.6719016099475734,-4.798945140281507,0.5000750724199419,0.21242210187617178
-4.224863687312947,-2.951878164257281,-3.056876927436904,0.09455831301221815
3.0420190035921895,0.6285577303175174,-2.772203689459533,0.5892032978333941
-4.943150307659881,3.7173236078459535,-3.3612247449362562,0.09019051150983301
-4.891744781951545,-2.907607486559107,0.44903226586172185,0.1775713388069147
-0.06405205940314129,-2.314101207805754,1.6227058707495736,0.1961978961614903
1.2574100880654129,1.213072875826259,2.066341138592273,0.06770563737614488
2.9866448423989347,4.347301332934853,-4.00684492899758,0.9971724601089083
-4.718348900447622,-3.882227201078571,-0.3076668378995233,0.10649539054032744
-4.859892816609901,0.86747542418866,0.4726067724073726,0.0011518530768534064
-0.4884600955230951,-3.5100895615978343,-2.334646238912695,0.461884835839969
2.529095668446012,-4.371023531066954,-2.4653998879184886,0.998195693126411
4.162301479306992,-3.310308135818805,3.318011163601625,0.9976189618477388
-2.6905320594743896,4.438445013817926,4.610247124293776,0.18798795264817658
-3.942807128410377,-0.8920441236708925,4.9600483675205425,0.40240398443214864
4.655541298096809,1.1651578810373184,-1.5629763543034443,0.9869296025471417
-2.3858102193368405,-3.460266040653133,-1.7099050589634954,0.17692936321520825
1.73903175675684,-0.5609570067663592,-4.21903385762134,0.8832870050984086
-3.5590447397204255,-4.974263090897988,4.182827897531535,0.9715462924352324
3.44055918164271,-0.9219313457185603,-4.434753351028644,0.9996696231124884
2.676683346566189,0.5674020627842635,-4.562100614658775,0.9906765353383833
-0.2265659631868262,1.2549424630263903,3.6004985388959927,0.10739558391502468
-1.4032687627986578,1.2304904145201352,3.4756388351021936,0.05042376770318771
-3.5034910102298698,4.557995361329828,1.5857979411176633,0.33409705268269707
4.818134149752991,-0.7130108427000224,-2.262213613316803,0.9913505589585666
-2.679911543331817,0.893361103914728,1.2495969489937302,0.0115624247745653
0.572277893346409,0.018392157331160064,-4.741820102772023,0.9949353647966117
-3.8265703613303437,0.503353680692582,-3.470421326252197,0.006346839732447693
-0.5590858925780893,0.8648019575265655,0.004451720379167412,0.0014839206233349435
-3.41758174278176,3.6961233678599275,-3.6346320739935134,0.15072947161297973
1.7768028305498875,3.124713320340499,-1.0224973841018814,0.13095938789977046
-2.9390619047017625,-3.3204438007033112,-2.924739079514518,0.12150555951326325
4.61658099073315,4.841683559410578,4.4302601768613545,0.9933501982856101
2.690577731299607,0.5184334189793827,3.1251887161589984,0.22409897441402762
-3.6822827523251425,-4.213908005335654,-1.6155946901830767,0.1335994863502473
3.587000922879483,2.499766620410302,-4.530227944139504,0.9816991100400406
-4.1422436803150084,-4.431948314695991,-3.9312979629492455,0.19539521676349797
3.6657282059288363,1.15727919098787,4.716842623216655,0.4038559122228885
4.5027243437654825,3.985885795733644,3.363091685179441,0.8757842914792258
-4.593624023451905,0.42798022165630645,1.5904510875811848,0.170924270096847
0.8687683162561548,-4.376733407930482,2.5117900652765366,0.9927117561371153
-0.08998051442326283,1.5484289586478281,0.26242472642625536,0.008015556083578216
0.8626003436344778,-3.7352038136015318,-1.304684937889422,0.2994916583401686
0.33024240676646954,3.451389155941637,3.252998238194076,0.11683508247842099
-3.771141754612104,-0.030169905999874125,-3.838771952189986,0.1454206989171162
-1.3160619405115632,4.63141141370571,-3.4091792162263648,0.2373864315793101
0.6612888995089703,1.9437138730067254,3.691042661061392,0.002302147236107204
-0.37852360658787365,-0.32225083640426355,0.9494396417739104,9.110744931909133e-05
3.7195785967693684,3.8672913127138546,3.449709268462385,0.9934510590784636
-0.2880519934300443,4.71839447602272,-4.599275092605557,0.2956118180775079
2.580680720122583,3.684752226560061,3.8047932624015193,0.21481305838586318
0.8826223514327545,1.353063926535988,0.7488931435830288,0.17342366779330398
3.8197693708755835,3.2542231542219255,3.4542902432990115,0.9281018404671969
4.991491447149112,-3.5740641169430267,-0.7875758664526531,0.9977929686019771
0.756876841098495,1.4921858174791014,3.389330379484928,0.11803239912281172
4.963594663662704,4.196515012250453,0.14781193218553135,0.9855072126064875
3.236134236722311,-3.472779265868364,0.8603070370561285,0.9911969413794285
2.44450514161191,0.40188653422332,4.1433076209876525,0.2312804785315067
2.5024597971556304,4.822218477047603,-1.42774454902534,0.6908920748637598
0.6901387431785402,2.9486215314477437,3.0411579112630616,0.024578066706312622
-4.800901912501399,0.5835403450489025,-3.7968146812859254,0.054896083914310945
-4.508367426117413,-2.5374754453071304,-1.7652021485590352,0.05606364882590614
3.3174809518550408,1.3747593917025291,-2.892811436972453,0.7815315229167472
1.2769725602368132,3.1574137143539875,-2.187649261740778,0.2795240252398169
2.344414026036306,4.055970197621516,4.386178977161432,0.11771630224316143
2.732856780735374,-0.38128508850449094,-1.1351551637786663,0.336872180830109
4.307178106645944,1.0485453453750457,0.03441536563990155,0.5276888807733836
3.0918629422737833,-1.3012531459974634,4.504952832938617,0.35351476052535735
-3.2130275729406694,-2.2679977722699176,0.5239649653339571,0.17629586324647906
3.8736851661360436,1.9319656341075833,3.855120488275615,0.9953426220589443
3.8366555469384522,4.035634362152459,3.941307255553795,0.9999468024311168
-2.1259751488832546,2.7271053179258553,-2.976531298146524,0.059703196496021474
1.5288943050334423,4.6829524392368995,-4.036616328030256,0.3660467760788336
-3.8461626196853698,2.572852116802653,-4.962912203571874,0.1857069432381037
2.7846082226223636,-4.629516234276849,0.2749564008629992,0.9273146712937935
0.72427438189015,4.388994703482581,2.5404391153979944,0.07648672220685336
-3.1600055716656708,0.048560985680481394,-4.3601958485715375,0.18339642076504598
-0.16594597521307186,-0.637012111108251,-0.6117461748932342,0.0001315910592574255
-1.9065169033839817,4.318102924616538,0.6422612719738918,0.0886488555784215
4.852582890380484,-0.3610924591735385,1.5273246267910503,0.3972586011460959
-1.5830737490711018,0.44580407335781924,-0.1748184689022274,0.002530412252680242
-1.9869122906978265,2.6327715242879552,-2.953622509449951,0.04067819543730379
-1.846965417913636,2.2771026513686436,0.43926078900667154,0.0030253083783915707
-4.465924963329951,4.5023417523847,2.615881756110263,0.7213768527638814
4.792113314169402,3.3299727309385503,-4.2272796539237,0.9987471226236357
0.1400877783531529,1.1250503326417691,2.5904093309058664,0.022784532927451813
2.61959112729492,1.4269718591608092,1.1199230646971712,0.42936632612488634
4.119676378413548,4.961072475189685,-4.789883703726065,0.9506643627158653
4.287693876306019,0.7638259122773672,4.7579827303460185,0.9293433304382901
2.1242197555103237,2.3154244889424795,4.335667580528922,0.09414648431500583
-3.878469859605266,0.37996365912892216,-1.0937572487835783,0.004318410708681315
2.9080662019357995,-3.501586833093638,3.8834841567186427,0.8987185935100435
4.132521592380234,2.7065185495894166,-4.772811196808107,0.9922592117596366
-3.6600156790831306,-2.6626041488663192,0.5192682515754568,0.10590766409088181
-1.2658035768522433,0.006801588755527277,1.4821980590601527,0.0002174377549813613
3.3609318022703434,-2.5843792437213047,3.199471680714499,0.9901572594184203
2.855465830004686,3.998292986422049,2.7061560856151363,0.33909726547067043
-2.239783297741455,3.771800505589688,3.539008552212005,0.14154777657492051
-1.4678412910597838,0.324795123803173,-0.8436597041380667,0.0013156825262145965
-0.5754507771589852,-2.7088160684149294,-1.2510323937060592,0.23838207671271044
2.6116821240947203,4.084573340956521,4.222826834953553,0.30779511074551824
3.4020292329555364,0.26581867570060247,-1.6320666744238173,0.3576352884029964
1.3591643350178897,-3.4440820010531064,1.3102146177706562,0.3575062539957675
-2.280938792122047,3.565749149100345,-3.3284346457984952,0.041472013428348865
3.346059950858912,1.7229229259697307,-1.8787393146556837,0.3672020860901146
-4.276299616309064,1.1017977829429082,0.05680779497047972,0.13188493419194283
3.6300159686763607,-2.8048894997433464,3.628121041186944,0.9170692383491146
1.9784112206726938,-3.7033483310316075,-3.108019105680291,0.9743291827788589
-1.7710138954516763,3.2681922662893417,-3.949923909544311,0.19111500175888957
2.3133481542735463,-0.39551010263745034,-1.3166968027291572,0.40075586041821365
-4.417246863304166,-4.256934934040117,-3.0999755024143605,0.06037106288386905
-2.080474443961931,0.665558490527256,4.840570183557526,0.08885782357910399
3.9408994081412754,-4.270805269514936,1.0328318446696594,0.9679008290699448
-3.3640985810968256,-0.21081703919779837,0.3034379145724495,0.0040585833005079555
-3.8827622463077325,-2.085633905466743,-3.782961181512346,0.12954580139218724
-3.977730477791889,-1.6218383764090776,-0.5909767395612677,0.10073949758142982
3.3775085173851362,4.04197106786007,3.6627651744007483,0.9988519823592986
2.025853303599348,-0.24137951786657208,0.0899630185456246,0.1318907203128274
4.983976170515444,-1.9670818071363678,-3.4382591585590054,0.9710085559783215
-1.3425468623741836,3.829629040604372,0.8439622813569994,0.07696776722242771
-3.582371852149122,-2.1491514078842715,-2.3997803710540437,0.005604125413163016
-4.896191429086562,4.83680324683958,1.0541196820081478,0.5703415634948446
3.4882233778608835,2.5528022222794347,2.6678917196510383,0.32083206382353524
3.1771869180808796,4.275788446104885,-2.9665907069131587,0.9927691123330176
0.9350935593548391,3.644982614526807,-3.742012459292379,0.43909150481858455
2.376866594281611,-0.5917308350109698,-1.2817203415209195,0.31097869954461177
-0.7355014354684055,-4.559110442728574,-0.17290940948524902,0.24125053330556667
1.207022680130562,-2.8394337765446336,-4.990757039724651,0.9817389795107558
3.058513713688802,2.816899930375614,1.0667216323768862,0.4917777302123712
0.21597847909478318,-1.8438635695689287,3.959000271091334,0.12126233328479596
1.6301500230001515,0.2865650484841975,0.7715980791633035,0.11827905206396441
-3.0648051384446946,-0.5197819912859689,-2.722536639648744,0.06062477611477254
-1.9708811172988678,-0.3407924401378182,-1.5868989111867977,0.0012769181124010296
4.523190402702657,4.443674261797611,-3.50996658928367,0.9472682077258199
-2.1441947963692716,-2.974491728429885,3.9606030555440146,0.3074312115416843
4.031469003223833,-0.5202803137215462,3.5817051923186156,0.5051363258555703
-3.039176040821797,-0.5436590191100734,2.4992090120561885,0.0026741918787330453
1.146962791809873,-1.025276920791534,-2.4766454213458338,0.38557463744153475
-3.0481434977566013,0.45906418783580794,0.634012055130234,0.0015447717879739017
4.1590984204255825,2.8462225828675365,-1.944314064957533,0.9618358103240789
4.188515001872878,-4.016717827436572,-1.607788090334508,0.9951463860800932
-0.9906106500796517,1.4704624615905022,-2.0066067368288403,0.10787058573562103
3.459505750861103,-4.167266507630285,-1.5068126651494778,0.9138708814037273
4.613114929790283,2.0111621311352437,-2.2912708177308168,0.9254133168498512
-1.2144227005270203,-2.174486235279791,-2.0943658330856763,0.14816261176438064
-2.785159657010681,4.294960871701054,0.17785376113936202,0.12128784284768734
-4.051744960301862,-0.0063364106281547095,3.7933396688780725,0.2949521329823606
-1.9267505610903015,-3.2747213099414805,-0.8224479724586153,0.09661287597137014
3.5061829209314883,0.0312763695366014,-4.343580385524831,0.9996253969716169
-0.21097263997385785,1.1984957812105943,3.8194987157355147,0.0007392537095553977
-1.9446386429823175,-1.9498158667425902,3.3207730153944617,0.021946820638755218
-1.3919313927620407,-2.7224784801110005,4.403103652365749,0.23049702728957866
2.743837855070992,4.095489892950578,0.9008352354788922,0.528424185732189
2.218894041282603,-3.3688189553285217,2.4544247475821948,0.3901875243100664
-4.080982546336979,-1.744821882527528,-0.38175284021232603,0.16659062754555984
2.033470200040739,-2.0178396627851622,0.24126010932093322,0.3826480632384339
-3.5145957430792367,4.460349979928283,-2.703225236740044,0.21040713535587013
2.8976866712132097,2.4498276488972337,4.325177765763664,0.3137294287495961
1.7491368514726329,-1.6425803172203004,1.5190086383839958,0.25131836430564547
0.09142957682639974,2.239285371702752,2.0106640579935924,0.11037794419251225
2.7045724829329103,-0.8564526424150367,-1.957904044918433,0.36369866998083533
-3.6457013538173566,-1.8152573672832824,-4.9241832643667065,0.29298850784844677
0.800257092333788,2.60869527053027,-3.5616211282416725,0.48651634292112367
0.6943205977241913,-2.4943306207148237,1.8360275367239982,0.1691038869832978
-1.7507355981627217,0.24752966247926533,-1.3570908275946776,0.0058463730965512654
0.45350332885471545,-0.23675507359869474,0.3979217129324173,0.001205198684859667
-0.38666870797306174,-0.45687473310829585,1.688279023147877,0.0033095655351854806
0.5287224881686301,2.4850037477574833,4.319848453594327,0.07162937340548578
4.672141624896383,1.1441871478514472,1.6299060816186266,0.9998746468140396
4.360722397770688,3.8054721556168616,4.87351893465571,0.9077812899914038
2.0784388812869734,-3.9019949571508317,4.201470332198877,0.6751907403861012
-3.800954300613764,-3.866018544246483,-1.4083192771971054,0.032142759647865594
-4.094980061991403,-3.9749541405700284,-4.282648756425118,0.19114523988786047
-3.4361075705001785,3.5148554650726,4.249270898935956,0.20522459798468518
-0.7757696187727472,-2.0527687310014864,2.9506962882872045,0.15157509179603273
0.3443553337659022,-0.06203640064986615,-1.7833579514349749,0.18444143704901123
0.7419913593705836,-3.2102624909035433,-1.1643222076082012,0.3275235581398087
2.473329142175647,1.8434058418376082,1.4179132884304817,0.4099240147447806
-1.2389962933530758,-0.7332458348727613,4.781242971632473,0.18583643808852415
2.9690798377427727,0.9391611983132107,2.6631210394100293,0.3256796614516057
3.324645039381398,-1.8329318868847317,3.2620959484987253,0.4257427517488807
2.45777116313813,4.601913540870035,4.989430415629219,0.24268053102917597
0.8412092221354941,-1.0039751346658576,1.972763057030992,0.05364286085287528
-1.686836135484493,0.5355007426608536,-2.7363081169940298,0.18128139432097384
-4.189801741859472,0.7145566246310588,2.133538354084063,0.2051605099963443
-0.40835591662540693,-0.7853493386368884,-1.3741490519733253,0.007323976600199422
-3.346569680802596,-1.0682366521065956,0.7013410290180992,0.06861732594430307
-1.2899516817738488,-2.684382007397765,3.3347890782059206,0.1458230784862688
-0.15498173833487083,1.7417048698636801,-3.0493497175598803,0.20919846676902787
-2.3108163943909044,4.991528601786282,-1.0596181001182101,0.10653768770276542
-1.5677624541035406,1.5601438421762026,-0.7308460051911698,0.00013140651684934152
1.3090016782312874,-2.0717984871032735,-3.426646991472033,0.8085715421861223
-3.4518709605614717,-3.0041462345150602,-0.8555426701756144,0.0764843255171942
-0.712176545824236,-2.2143696528769463,-1.345590510117452,0.22583117311873513
2.707931428400477,-2.924277742191801,-4.948687421458082,0.9960440579092692
-4.12281451788655,-2.849704053617919,3.9259008445963754,0.4054585716258493
-2.6451011208553314,-0.7918911455025102,2.78159989546603,6.361786179301387e-05
2.233184887991799,0.8443758892634614,-0.13040616405459104,0.3339337381480839
-0.6308491310655704,2.1569905031305625,-2.2975862431771943,0.23146405663535266
0.23034632718650272,-2.2316278773871625,3.550556653725627,0.11184752135574827
-2.6647180902028413,-3.672217550845449,-0.7844764965555564,0.06906006285594474
-1.1542328292594135,-2.3283131734322273,4.262078221564083,0.261523119854174
-4.768291078916099,0.6782690347975091,1.189584816440167,0.23475907331624324
4.3928807654788375,1.5213604312264462,2.687595688818992,0.3525524054495369
0.5377053139402737,3.6741158572125094,-3.870603581897042,0.3583964272497795
-1.0898022020212759,-4.286671841732615,-2.0395069119022198,0.2738464864886244
-1.2692186617982233,3.7357888767843708,-4.4689535187510705,0.3044209134291409
-4.914564196488851,3.7495271767431966,-4.149585529008249,0.1305941301155894
2.5432970499305982,-1.5157241065952336,-3.2019005591939993,0.9998732412159507
-4.47136790922072,-3.431040118322737,-1.6434378209759872,0.11603683375052222
2.5170842120995243,3.4540095237621813,-4.94644604473169,0.8916109613524759
2.888020387912328,-0.12049497082801697,-0.9360349300585691,0.37218107189535926
-2.260806986059236,-3.396902727836668,-1.693683688243314,0.18172255659457412
-3.4701138853672306,-1.9061091405789048,1.2854570822020595,0.10370708659287851
0.5544489743529759,-1.4511005126905454,-4.145869472203872,0.997970286203557
-0.10750098511172546,-2.4674500738140233,2.601457416026043,0.1484745746808337
1.2386689742188697,-4.333333514563889,-1.2638186109164762,0.4575083549511358
4.860747573007766,-0.14604968515878358,0.6563762807826548,0.45027713525951657
0.17868921159592066,-2.5676382612442143,-1.3289219676533044,0.26867733040944186
-0.0032153092740907496,4.325833239063252,2.2214535592970117,0.024553144051562264
4.8132905768812435,-3.8447184504808036,-3.8065116518062956,0.9992252810057225
-0.3199803948504023,0.38973576126161724,-4.816343764965499,0.9889638037446202
-0.5613359572012069,-2.0098263533359244,-0.09082547893782333,0.20327644957685984
-2.959986090475462,0.596093661292505,-2.549244506168073,0.004970673252843903
3.1610830401821364,2.807915658361651,1.087637515839397,0.2377515389112798
-2.8328192518009394,2.085876055397785,4.51320993397286,0.17332552249746688
-4.535684835700642,2.0256813215226845,2.556353967188068,0.3357710642293878
-0.04912927207376505,0.5332960903136055,3.0239556851070954,0.005276912616217725
2.0464713331291122,3.6027738278,-2.7189701865603446,0.34257494775042796
-2.100559976260593,1.7487042480846586,1.0077010172538428,0.0008145782455088686
4.93677221282039,-1.1894407820972086,1.903708575988377,0.9030551086859807
-0.8589260632134934,3.0098238053053468,4.0020790854021335,0.14731889757462435
1.249255187254244,2.1773354907918074,1.2631240917193534,0.002013287181089424
2.367243819649463,-1.3345634016068186,-3.61630715128229,0.9903894575038746
1.6949283382170393,0.41633872205859923,1.0941584277120313,0.1012499922104764
-4.72750031958276,-0.48863688882117096,2.7151965732658736,0.26487258002400266
0.9748511398016033,3.8522806410255104,2.747327351879462,0.21022618229585516
-4.7006788990359585,1.6957321077616552,-2.773802293291273,0.12362802086222177
-2.0004726384982114,-3.5599819807275406,-3.0790211511002346,0.2759133426328032
-4.930858497461791,-1.3633756135994486,-4.309662775692782,0.1537455740298278
-4.109887094635098,-0.8686607046496286,-3.154900112084653,0.12393769668760049
-1.9794439090360578,-2.289823010314775,-4.459308228515707,0.5979031368614446
1.0226595481168177,1.340562783532829,3.1061798904692512,0.1523730732450876
0.24803745482968242,2.196629088168285,-1.927520349961806,0.16972926229716517
4.465588838002809,1.6546350917753072,2.9952543146626027,0.49527596145690445
2.2701184019003104,-1.397697506945783,3.6517768337860996,0.30883314028544906
-2.417698592539968,3.30610928053904,-3.936258361052406,0.20303095788501635
0.004054662536444376,4.8943527265538815,4.919286554498399,0.14798889539395754
-2.059675135934196,-2.4263209902550353,-4.604422987086506,0.8197602379990896
-2.4750423205385235,0.27002884430274854,1.5667814299254275,0.0005238412971231483
-0.614460395096514,-0.9829782671917142,-1.911987787839422,0.12596054149573382
-1.7922094028184854,-3.5343471284718397,-2.679771454671144,0.24028458205401526
-0.7585901513742339,-3.5717154577633417,4.346893415611564,0.26145616447873576
-4.55196150419767,-4.698993751191393,3.8523006095933123,0.981081596994863
1.927006811379277,2.2866185339670695,-1.8448015431925273,0.20355331579016323
0.5163405576610653,-2.3448193322680284,-4.440867161747221,0.9839234933436133
3.6784847571795485,-2.8184750034962485,3.2196375120050327,0.9979692033143321
4.552212390146293,1.5413614002838774,-0.14642467658237202,0.5355211015500523
-2.157811283293328,-2.765356930979533,-3.2157543869810135,0.19475156724303533
0.9949112412354264,-4.7566318345611815,2.40838652516545,0.9069695699594983
2.999077821860454,-3.7202438037587173,0.6713073021125435,0.9762630618806462
1.1759837419233277,3.493799855862589,1.7319812042543967,0.2082786247279204
-0.9865757215258473,0.12904342788525813,2.8213295010054935,4.112679026597204e-06
1.0876286064727854,2.669880170842509,-4.846774160886472,0.4774880481588182
-0.4249113604267061,4.259315725824148,4.578046572099078,0.0916225361288725
-4.494773872996646,-1.7967697725139442,-2.2172466140683817,0.06238666057930993
2.5498974040866997,1.5044649721904833,0.9643687754243659,0.4242918500844798
-0.7288352693816798,-0.8955870350852715,0.015123794575205629,0.0009971015525267767
-3.900827203787898,-0.31064597549974504,-3.901996383020467,0.06363341874227782
-0.32275792190134567,-3.181345678020499,1.2105902391868293,0.16281116711750718
-3.1307449669256324,2.7117401707579596,4.043272047309154,0.16658976778319076
-0.8335410783297323,4.6171600627182965,2.0365174294796766,0.07274261574292926
-1.1360196653166161,1.3090284092319742,1.6940472367536055,0.05285500599684001
-1.9514607318008466,-4.234147197293128,-0.9683210772579534,0.1848801348381126
-2.2436771272687395,-1.2797241622093338,-0.03601537152928458,0.006620531580748221
1.4432672622559455,-0.11032986253761301,0.09361713083400591,0.007027882093774876
2.6458876568443372,-1.3230464261958659,2.042650957114347,0.3967297068400514
2.2946481020606715,-2.5495518399985215,4.669110149525215,0.6532556872621673
-2.441295257514067,1.9940022758316704,-4.980107152398091,0.2925750601096761
4.888857487164524,1.6326141501976013,4.937330940149057,0.9227443765273593
4.57001910823459,2.9940702932262466,1.2248580749906388,0.996549677713771
-4.828844632060191,3.8617528080760177,3.0765010364397973,0.8986558611504516
-4.330845179053932,1.4111517865036074,0.9857055077183485,0.1307726732635742
-3.4924019419740455,4.5717386911457005,-3.722579969662886,0.07181060828539243
-3.0255197497005684,-4.845346636161517,3.1088981473864514,0.3589492058401429
3.756791282846544,0.6164214106279591,4.683313700199227,0.671468898396738
4.26453979576344,2.4745280382937356,4.637146979555647,0.9440778322127271
1.7968707345272206,0.9080560581323702,-0.5761167603850597,0.15346746351650714
3.007423850749987,-1.0338636579171872,-1.2743484560068925,0.7476551706258834
3.4360091794729843,-4.889039246091596,2.276959633020237,0.9773047435013156
-3.1592744729631903,-3.598881999049941,-1.8972238235785244,0.016114721569279216
-4.286446930592463,1.5080527750414596,-0.19091241740883547,0.10243561470255041
-1.6280100277378198,-2.4101437780187696,-2.1389934701018904,0.15440709461914864
-4.607750008159046,4.471328658049355,1.1700688922481248,0.49921232777170144
-2.788185830051761,-4.511991515438748,2.8020899828543495,0.3588373839931901
-2.9731056570578613,-2.0665855027313587,2.580064396690754,0.1350656595810566
-0.5902125113252037,-3.793124348382902,-2.9395853279035418,0.33742624066837706
2.932351919253419,-0.41722369643435364,3.4116196682345272,0.23783310454912268
4.587992338332786,3.0307528891426774,-2.89963966914794,0.8654411242097153
-3.244981486945621,-3.126066295988922,2.7387480672592748,0.18347243742318894
-2.555935922746383,0.2247088737222791,-4.724461999417294,0.3401899779506419
-4.84789396964823,-4.394992891063436,-3.4456128733551203,0.07825508161144173
-3.3541073511432002,0.8057454459730469,-0.11862826855178099,0.06433887490900424
1.7270272744307036,1.8265153513312722,-0.8893677839964687,0.1437226967947909
-3.183259968339703,-3.606055434979601,0.839314403286437,0.23754538476448284
-3.5396041231336497,1.9613230215707063,-1.4415586131752751,0.007248678152430449
1.657549157283059,2.1673460788177836,0.2923265471678169,0.16428605552355302
-0.8258026620199939,2.3750533617160734,-4.679132367496799,0.365236469190435
-2.748321784936572,-2.7807305905168773,0.49249078651240374,0.07847414712827666
0.7832713697003504,-1.6290327470375816,-1.8211315558528858,0.3210431555517535
-3.2339382294305197,-1.7211663218724578,1.133380717406042,0.10740016081812875
1.432989171382097,4.7731943133736525,0.6069779056174731,0.33801072142336785
-4.43099586165395,-2.036670312425501,4.980622723306155,0.9488549602117291
-2.4355475184634967,-1.5683095393704747,-0.22595665809850907,0.002043300419558592
-2.0200489133336146,-1.3478504276013799,4.0807242886192565,0.15439398725642567
-2.697002898736968,-4.442908173579073,1.8538600385915593,0.3626880801329554
-0.29887820440980395,0.9661582940169549,3.89975043013847,0.00032238999439109574
-4.319171815975368,1.2799767645899767,4.539578860927858,0.36825790644917045
-3.5888253179229013,-3.6897871590039593,3.596980793494737,0.44536853489578077
4.097322391629106,-3.1112042492589063,-1.4822593066492251,0.8622367384766956
-3.7300201390904943,4.799971631928587,0.32672836332243094,0.25546857961823144
-1.0348623886471469,-0.9587187705198161,-1.8847219577973067,0.09954159307924412
-0.9068018402762794,-2.738854941597043,1.7086987110266607,0.19149916507963483
3.9923620428368505,-1.685064096322637,-3.5790753780936226,0.9746070819810327
-4.296770429294666,-4.5020476667566065,-3.9864847794300684,0.06640533934314438
-0.27729054305334433,-4.12581055416784,-4.890124397256079,0.9995448980175478
3.2757689751381474,-4.0288330157865895,-3.9949077309205148,0.9927078954483791
2.8091303240533927,0.7746332141338543,0.07400335378458411,0.5986284747159676
-4.025649801630807,-2.1931797997287115,1.3965036966128093,0.1430572283503967
1.6911923118011787,2.117017112970336,0.9427898082073956,0.11006760227394971
2.1963773436320047,1.4482799861435414,4.019774280248109,0.08435278587593659
1.905477790878777,1.7167604345150576,3.6692479052277314,0.048922684638232364
-4.066517641846509,1.184376236074204,3.914356668769079,0.3460808478279107
-2.0277235202640718,0.22869455914121595,-0.6213264976999531,0.0024645195888148026
-4.788500688904807,1.3944840104032092,-4.657990252191709,0.07123296094198273
0.9481918551383686,-3.24757690986156,4.198647979359784,0.834167339817196
2.185694950901941,-0.44135892666628784,-0.9557580927209877,0.2714075210870722
4.418161230177411,-3.9879661748048045,0.681004985084134,0.9963387553427067
